{"cameraMode":{"drawMode":0,"name":"Shaded","section":"Shading Mode"},"sceneLighting":false,"audioPlay":false,"sceneViewState":{"m_AlwaysRefresh":false,"showFog":true,"showSkybox":false,"showFlares":true,"showImageEffects":true,"showParticleSystems":true,"showVisualEffectGraphs":true,"m_FxEnabled":true},"in2DMode":false,"pivot":{"x":-0.13569149374961854,"y":0.17995980381965638,"z":0.21165035665035249},"rotation":{"x":0.480638712644577,"y":0.33570289611816409,"z":-0.2045903205871582,"w":0.785160481929779},"size":0.2560617923736572,"orthographic":false}