{"cameraMode":{"drawMode":0,"name":"Shaded","section":"Shading Mode"},"sceneLighting":false,"audioPlay":false,"sceneViewState":{"m_AlwaysRefresh":false,"showFog":true,"showSkybox":false,"showFlares":true,"showImageEffects":true,"showParticleSystems":true,"showVisualEffectGraphs":true,"m_FxEnabled":true},"in2DMode":false,"pivot":{"x":-0.05367337539792061,"y":0.15924444794654847,"z":-0.2024092972278595},"rotation":{"x":-0.32835426926612856,"y":-0.17649470269680024,"z":0.06262867152690888,"w":-0.9258810877799988},"size":0.07115419954061508,"orthographic":false}