{"cameraMode":{"drawMode":0,"name":"Shaded","section":"Shading Mode"},"sceneLighting":false,"audioPlay":false,"sceneViewState":{"m_AlwaysRefresh":false,"showFog":true,"showSkybox":false,"showFlares":true,"showImageEffects":true,"showParticleSystems":true,"showVisualEffectGraphs":true,"m_FxEnabled":true},"in2DMode":false,"pivot":{"x":-171.26239013671876,"y":-50.516151428222659,"z":14.716888427734375},"rotation":{"x":-0.04938951134681702,"y":0.9504844546318054,"z":-0.20886677503585816,"w":-0.22475554049015046},"size":1.1074020862579346,"orthographic":false}