{"cameraMode":{"drawMode":0,"name":"Shaded","section":"Shading Mode"},"sceneLighting":false,"audioPlay":false,"sceneViewState":{"m_AlwaysRefresh":false,"showFog":true,"showSkybox":false,"showFlares":true,"showImageEffects":true,"showParticleSystems":true,"showVisualEffectGraphs":true,"m_FxEnabled":true},"in2DMode":false,"pivot":{"x":27.648853302001954,"y":0.7191170454025269,"z":11.220000267028809},"rotation":{"x":-0.2811833322048187,"y":-0.013855909928679467,"z":0.004964871797710657,"w":-0.9597934484481812},"size":1.3136900663375855,"orthographic":false}