{"cameraMode":{"drawMode":0,"name":"Shaded","section":"Shading Mode"},"sceneLighting":true,"audioPlay":false,"sceneViewState":{"m_AlwaysRefresh":false,"showFog":true,"showSkybox":true,"showFlares":true,"showImageEffects":true,"showParticleSystems":true,"showVisualEffectGraphs":true,"m_FxEnabled":true},"in2DMode":false,"pivot":{"x":-29.35996437072754,"y":-41.86009979248047,"z":2788.211669921875},"rotation":{"x":-0.015308847650885582,"y":-0.0009034376125782728,"z":0.000013967751328891609,"w":-0.999881386756897},"size":1503.7158203125,"orthographic":false}