{"cameraMode":{"drawMode":0,"name":"Shaded","section":"Shading Mode"},"sceneLighting":false,"audioPlay":false,"sceneViewState":{"m_AlwaysRefresh":false,"showFog":true,"showSkybox":false,"showFlares":true,"showImageEffects":true,"showParticleSystems":true,"showVisualEffectGraphs":true,"m_FxEnabled":true},"in2DMode":false,"pivot":{"x":-11.189422607421875,"y":8.985804557800293,"z":0.8884305953979492},"rotation":{"x":0.08996830135583878,"y":-0.7425395846366882,"z":0.10053839534521103,"w":0.6562983989715576},"size":14.228809356689454,"orthographic":false}