{"cameraMode":{"drawMode":0,"name":"Shaded","section":"Shading Mode"},"sceneLighting":false,"audioPlay":false,"sceneViewState":{"m_AlwaysRefresh":false,"showFog":true,"showSkybox":false,"showFlares":true,"showImageEffects":true,"showParticleSystems":true,"showVisualEffectGraphs":true,"m_FxEnabled":true},"in2DMode":false,"pivot":{"x":0.006617002189159393,"y":0.016829222440719606,"z":-0.01884286105632782},"rotation":{"x":-0.142307311296463,"y":0.015437046997249127,"z":-0.002219571964815259,"w":-0.9896993041038513},"size":0.10100376605987549,"orthographic":false}