{"cameraMode":{"drawMode":0,"name":"Shaded","section":"Shading Mode"},"sceneLighting":true,"audioPlay":false,"sceneViewState":{"m_AlwaysRefresh":false,"showFog":true,"showSkybox":true,"showFlares":true,"showImageEffects":true,"showParticleSystems":true,"showVisualEffectGraphs":true,"m_FxEnabled":true},"in2DMode":false,"pivot":{"x":193.46054077148438,"y":-404.77587890625,"z":1429.8389892578125},"rotation":{"x":0.4189675450325012,"y":-0.001080240122973919,"z":0.0004990808083675802,"w":0.907998263835907},"size":1527.735107421875,"orthographic":false}