{"cameraMode":{"drawMode":0,"name":"Shaded","section":"Shading Mode"},"sceneLighting":false,"audioPlay":false,"sceneViewState":{"m_AlwaysRefresh":false,"showFog":true,"showSkybox":true,"showFlares":true,"showImageEffects":true,"showParticleSystems":true,"showVisualEffectGraphs":true,"m_FxEnabled":true},"in2DMode":false,"pivot":{"x":17.504980087280275,"y":12.395782470703125,"z":40.2911376953125},"rotation":{"x":0.05727768316864967,"y":-0.004183651879429817,"z":0.00024079048307612538,"w":0.9983466267585754},"size":760.79052734375,"orthographic":false}