{"cameraMode":{"drawMode":0,"name":"Shaded","section":"Shading Mode"},"sceneLighting":true,"audioPlay":false,"sceneViewState":{"m_AlwaysRefresh":false,"showFog":true,"showSkybox":true,"showFlares":true,"showImageEffects":true,"showParticleSystems":true,"showVisualEffectGraphs":true,"m_FxEnabled":true},"in2DMode":false,"pivot":{"x":64.33766174316406,"y":-1441.4281005859375,"z":9426.7880859375},"rotation":{"x":0.07523836195468903,"y":0.0018048454076051713,"z":-0.00013660502736456692,"w":0.997162401676178},"size":5013.64892578125,"orthographic":false}