{"cameraMode":{"drawMode":0,"name":"Shaded","section":"Shading Mode"},"sceneLighting":false,"audioPlay":false,"sceneViewState":{"m_AlwaysRefresh":false,"showFog":true,"showSkybox":false,"showFlares":true,"showImageEffects":true,"showParticleSystems":true,"showVisualEffectGraphs":true,"m_FxEnabled":true},"in2DMode":false,"pivot":{"x":239.2262420654297,"y":-258.40545654296877,"z":90.17041015625},"rotation":{"x":0.20435750484466554,"y":-0.0041013844311237339,"z":0.0008572374354116619,"w":0.9788851141929627},"size":879.5448608398438,"orthographic":false}