{"cameraMode":{"drawMode":0,"name":"Shaded","section":"Shading Mode"},"sceneLighting":false,"audioPlay":false,"sceneViewState":{"m_AlwaysRefresh":false,"showFog":true,"showSkybox":false,"showFlares":true,"showImageEffects":true,"showParticleSystems":true,"showVisualEffectGraphs":true,"m_FxEnabled":true},"in2DMode":false,"pivot":{"x":5.087699890136719,"y":1.353320837020874,"z":18.827110290527345},"rotation":{"x":0.008949019946157933,"y":-0.9601060152053833,"z":0.27850767970085146,"w":0.032467249780893329},"size":3.6072449684143068,"orthographic":false}