{"cameraMode":{"drawMode":0,"name":"Shaded","section":"Shading Mode"},"sceneLighting":false,"audioPlay":false,"sceneViewState":{"m_AlwaysRefresh":false,"showFog":true,"showSkybox":false,"showFlares":true,"showImageEffects":true,"showParticleSystems":true,"showVisualEffectGraphs":true,"m_FxEnabled":true},"in2DMode":false,"pivot":{"x":1.7602436542510987,"y":2.6447858810424806,"z":14.668439865112305},"rotation":{"x":-0.011687480844557286,"y":-0.0023770697880536319,"z":-0.00012446273467503488,"w":1.0000323057174683},"size":6.265041828155518,"orthographic":false}