{"cameraMode":{"drawMode":0,"name":"Shaded","section":"Shading Mode"},"sceneLighting":false,"audioPlay":false,"sceneViewState":{"m_AlwaysRefresh":false,"showFog":true,"showSkybox":false,"showFlares":true,"showImageEffects":true,"showParticleSystems":true,"showVisualEffectGraphs":true,"m_FxEnabled":true},"in2DMode":false,"pivot":{"x":0.0002454519271850586,"y":0.5640319585800171,"z":-0.005358576774597168},"rotation":{"x":-0.4735719561576843,"y":0.07725042849779129,"z":-0.04160627722740173,"w":-0.8765835762023926},"size":0.7643082737922669,"orthographic":false}