{"cameraMode":{"drawMode":0,"name":"Shaded","section":"Shading Mode"},"sceneLighting":true,"audioPlay":false,"sceneViewState":{"m_AlwaysRefresh":false,"showFog":true,"showSkybox":true,"showFlares":true,"showImageEffects":true,"showParticleSystems":true,"showVisualEffectGraphs":true,"m_FxEnabled":true},"in2DMode":false,"pivot":{"x":16.832948684692384,"y":-10.154097557067871,"z":-17.88289451599121},"rotation":{"x":0.26723065972328188,"y":0.6692653298377991,"z":-0.29197877645492556,"w":0.6292615532875061},"size":12.286612510681153,"orthographic":false}