{"cameraMode":{"drawMode":0,"name":"Shaded","section":"Shading Mode"},"sceneLighting":true,"audioPlay":false,"sceneViewState":{"m_AlwaysRefresh":false,"showFog":true,"showSkybox":true,"showFlares":true,"showImageEffects":true,"showParticleSystems":true,"showVisualEffectGraphs":true,"m_FxEnabled":true},"in2DMode":false,"pivot":{"x":26.53133773803711,"y":2.9566640853881838,"z":-18.968399047851564},"rotation":{"x":-0.2940424084663391,"y":0.017188111320137979,"z":-0.005249194335192442,"w":-0.955625057220459},"size":7.267426490783691,"orthographic":false}