{"cameraMode":{"drawMode":0,"name":"Shaded","section":"Shading Mode"},"sceneLighting":true,"audioPlay":false,"sceneViewState":{"m_AlwaysRefresh":false,"showFog":true,"showSkybox":true,"showFlares":true,"showImageEffects":true,"showParticleSystems":true,"showVisualEffectGraphs":true,"m_FxEnabled":true},"in2DMode":false,"pivot":{"x":-0.8888753056526184,"y":25.17374610900879,"z":-55.029396057128909},"rotation":{"x":-0.2379741370677948,"y":0.027214227244257928,"z":-0.006012292113155127,"w":-0.9710873365402222},"size":1.6038315296173096,"orthographic":false}