{"cameraMode":{"drawMode":0,"name":"Shaded","section":"Shading Mode"},"sceneLighting":true,"audioPlay":false,"sceneViewState":{"m_AlwaysRefresh":false,"showFog":true,"showSkybox":true,"showFlares":true,"showImageEffects":true,"showParticleSystems":true,"showVisualEffectGraphs":true,"m_FxEnabled":true},"in2DMode":false,"pivot":{"x":-3.9033288955688478,"y":24.00271224975586,"z":-25.200706481933595},"rotation":{"x":-0.3248334228992462,"y":-0.058613382279872897,"z":0.020342634990811349,"w":-0.9437559843063355},"size":4.0997161865234379,"orthographic":false}