{"cameraMode":{"drawMode":0,"name":"Shaded","section":"Shading Mode"},"sceneLighting":true,"audioPlay":false,"sceneViewState":{"m_AlwaysRefresh":false,"showFog":true,"showSkybox":true,"showFlares":true,"showImageEffects":true,"showParticleSystems":true,"showVisualEffectGraphs":true,"m_FxEnabled":true},"in2DMode":false,"pivot":{"x":1.6758438348770142,"y":-14.213014602661133,"z":14.043022155761719},"rotation":{"x":-0.3554694652557373,"y":0.01611095853149891,"z":-0.0013606938300654293,"w":-0.9348040223121643},"size":32.67338180541992,"orthographic":false}