{"cameraMode":{"drawMode":0,"name":"Shaded","section":"Shading Mode"},"sceneLighting":true,"audioPlay":false,"sceneViewState":{"m_AlwaysRefresh":false,"showFog":true,"showSkybox":true,"showFlares":true,"showImageEffects":true,"showParticleSystems":true,"showVisualEffectGraphs":true,"m_FxEnabled":true},"in2DMode":false,"pivot":{"x":-0.40316981077194216,"y":25.0810546875,"z":-26.27328872680664},"rotation":{"x":-0.4793255627155304,"y":0.001704152673482895,"z":0.00008782187069300562,"w":-0.8778008818626404},"size":19.667238235473634,"orthographic":false}