{"cameraMode":{"drawMode":0,"name":"Shaded","section":"Shading Mode"},"sceneLighting":true,"audioPlay":false,"sceneViewState":{"m_AlwaysRefresh":false,"showFog":true,"showSkybox":true,"showFlares":true,"showImageEffects":true,"showParticleSystems":true,"showVisualEffectGraphs":true,"m_FxEnabled":true},"in2DMode":false,"pivot":{"x":-6.593353271484375,"y":12.379448890686036,"z":-13.177839279174805},"rotation":{"x":0.2988159954547882,"y":0.11493134498596192,"z":-0.04126884788274765,"w":0.9467560648918152},"size":12.286612510681153,"orthographic":false}