{"cameraMode":{"drawMode":0,"name":"Shaded","section":"Shading Mode"},"sceneLighting":true,"audioPlay":false,"sceneViewState":{"m_AlwaysRefresh":false,"showFog":true,"showSkybox":true,"showFlares":true,"showImageEffects":true,"showParticleSystems":true,"showVisualEffectGraphs":true,"m_FxEnabled":false},"in2DMode":false,"pivot":{"x":112.43499755859375,"y":14.445999145507813,"z":-69.84889221191406},"rotation":{"x":0.10067801922559738,"y":-0.028383325785398485,"z":-0.00866829976439476,"w":0.9952770471572876},"size":288.42401123046877,"orthographic":false}