{"cameraMode":{"drawMode":0,"name":"Shaded","section":"Shading Mode"},"sceneLighting":false,"audioPlay":false,"sceneViewState":{"m_AlwaysRefresh":false,"showFog":true,"showSkybox":true,"showFlares":true,"showImageEffects":true,"showParticleSystems":true,"showVisualEffectGraphs":true,"m_FxEnabled":false},"in2DMode":false,"pivot":{"x":2.390944004058838,"y":6.09909725189209,"z":10.627182006835938},"rotation":{"x":-0.3920932114124298,"y":0.001635370310395956,"z":-0.0006954350392334163,"w":-0.919944167137146},"size":0.31327006220817568,"orthographic":false}