{"cameraMode":{"drawMode":0,"name":"Shaded","section":"Shading Mode"},"sceneLighting":true,"audioPlay":false,"sceneViewState":{"m_AlwaysRefresh":false,"showFog":true,"showSkybox":true,"showFlares":true,"showImageEffects":true,"showParticleSystems":true,"showVisualEffectGraphs":true,"m_FxEnabled":false},"in2DMode":false,"pivot":{"x":-1.1656466722488404,"y":-2.7179083824157717,"z":1.237473964691162},"rotation":{"x":-0.5760884284973145,"y":0.027801331132650377,"z":-0.0030604074709117414,"w":-0.8175679445266724},"size":25.58534049987793,"orthographic":false}