{"cameraMode":{"drawMode":0,"name":"Shaded","section":"Shading Mode"},"sceneLighting":true,"audioPlay":false,"sceneViewState":{"m_AlwaysRefresh":false,"showFog":true,"showSkybox":true,"showFlares":true,"showImageEffects":true,"showParticleSystems":true,"showVisualEffectGraphs":true,"m_FxEnabled":true},"in2DMode":false,"pivot":{"x":40.16440963745117,"y":0.4359576404094696,"z":33.658538818359378},"rotation":{"x":0.1643713116645813,"y":0.016824278980493547,"z":-0.005581127945333719,"w":0.9874371886253357},"size":1.7423603534698487,"orthographic":false}