{"cameraMode":{"drawMode":0,"name":"Shaded","section":"Shading Mode"},"sceneLighting":true,"audioPlay":false,"sceneViewState":{"m_AlwaysRefresh":false,"showFog":true,"showSkybox":true,"showFlares":true,"showImageEffects":true,"showParticleSystems":true,"showVisualEffectGraphs":true,"m_FxEnabled":true},"in2DMode":false,"pivot":{"x":35.32192611694336,"y":0.8971593976020813,"z":23.581436157226564},"rotation":{"x":-0.11601954698562622,"y":-0.08742821961641312,"z":-0.015108345076441765,"w":-0.9915831685066223},"size":2.0219531059265138,"orthographic":false}