{"cameraMode":{"drawMode":0,"name":"Shaded","section":"Shading Mode"},"sceneLighting":false,"audioPlay":false,"sceneViewState":{"m_AlwaysRefresh":false,"showFog":false,"showSkybox":false,"showFlares":false,"showImageEffects":false,"showParticleSystems":false,"showVisualEffectGraphs":true,"m_FxEnabled":true},"in2DMode":false,"pivot":{"x":0.0014816522598266602,"y":0.790420651435852,"z":0.2666052579879761},"rotation":{"x":0.00011524985893629491,"y":-0.7514011263847351,"z":0.00010156370262848213,"w":-0.6601612567901611},"size":1.640926480293274,"orthographic":false}