{"cameraMode":{"drawMode":0,"name":"Shaded","section":"Shading Mode"},"sceneLighting":false,"audioPlay":false,"sceneViewState":{"m_AlwaysRefresh":false,"showFog":true,"showSkybox":false,"showFlares":true,"showImageEffects":true,"showParticleSystems":true,"showVisualEffectGraphs":true,"m_FxEnabled":true},"in2DMode":false,"pivot":{"x":2.880000114440918,"y":0.004084000363945961,"z":2.940000057220459},"rotation":{"x":-0.6026466488838196,"y":-0.08643371611833573,"z":0.0658964067697525,"w":-0.7905896902084351},"size":0.7071930766105652,"orthographic":false}