{"cameraMode":{"drawMode":0,"name":"Shaded","section":"Shading Mode"},"sceneLighting":false,"audioPlay":false,"sceneViewState":{"m_AlwaysRefresh":false,"showFog":true,"showSkybox":false,"showFlares":true,"showImageEffects":true,"showParticleSystems":true,"showVisualEffectGraphs":true,"m_FxEnabled":true},"in2DMode":false,"pivot":{"x":-4.607699871063232,"y":1.353320837020874,"z":18.777109146118165},"rotation":{"x":0.014881235547363758,"y":-0.954201877117157,"z":0.29552245140075686,"w":0.049475304782390597},"size":3.6072449684143068,"orthographic":false}