{"cameraMode":{"drawMode":0,"name":"Shaded","section":"Shading Mode"},"sceneLighting":false,"audioPlay":false,"sceneViewState":{"m_AlwaysRefresh":false,"showFog":true,"showSkybox":false,"showFlares":true,"showImageEffects":true,"showParticleSystems":true,"showVisualEffectGraphs":true,"m_FxEnabled":true},"in2DMode":false,"pivot":{"x":376.85650634765627,"y":227.49008178710938,"z":14.9876708984375},"rotation":{"x":0.021307216957211496,"y":0.004808936268091202,"z":-0.00010182042024098337,"w":0.9997593760490418},"size":602.4387817382813,"orthographic":false}