{"cameraMode":{"drawMode":0,"name":"Shaded","section":"Shading Mode"},"sceneLighting":false,"audioPlay":false,"sceneViewState":{"m_AlwaysRefresh":false,"showFog":true,"showSkybox":false,"showFlares":true,"showImageEffects":true,"showParticleSystems":true,"showVisualEffectGraphs":true,"m_FxEnabled":true},"in2DMode":false,"pivot":{"x":366.0224304199219,"y":220.26840209960938,"z":14.7135009765625},"rotation":{"x":0.02430667169392109,"y":0.0003099591704085469,"z":-0.000006866455805720761,"w":0.9997022747993469},"size":602.4387817382813,"orthographic":false}