{"cameraMode":{"drawMode":0,"name":"Shaded","section":"Shading Mode"},"sceneLighting":false,"audioPlay":false,"sceneViewState":{"m_AlwaysRefresh":false,"showFog":true,"showSkybox":false,"showFlares":true,"showImageEffects":true,"showParticleSystems":true,"showVisualEffectGraphs":true,"m_FxEnabled":true},"in2DMode":false,"pivot":{"x":19.221084594726564,"y":0.1597769856452942,"z":13.300000190734864},"rotation":{"x":-0.34657222032546999,"y":-0.08648340404033661,"z":0.03305136039853096,"w":-0.933701753616333},"size":0.2750746011734009,"orthographic":false}