{"cameraMode":{"drawMode":0,"name":"Shaded","section":"Shading Mode"},"sceneLighting":false,"audioPlay":false,"sceneViewState":{"m_AlwaysRefresh":false,"showFog":true,"showSkybox":false,"showFlares":true,"showImageEffects":true,"showParticleSystems":true,"showVisualEffectGraphs":true,"m_FxEnabled":true},"in2DMode":false,"pivot":{"x":108.56999969482422,"y":23.36922836303711,"z":-96.56817626953125},"rotation":{"x":0.022257624194025995,"y":-0.9547128677368164,"z":0.2889973521232605,"w":0.07056715339422226},"size":0.42890265583992007,"orthographic":false}