{"cameraMode":{"drawMode":0,"name":"Shaded","section":"Shading Mode"},"sceneLighting":false,"audioPlay":false,"sceneViewState":{"m_AlwaysRefresh":false,"showFog":true,"showSkybox":false,"showFlares":true,"showImageEffects":true,"showParticleSystems":true,"showVisualEffectGraphs":true,"m_FxEnabled":true},"in2DMode":false,"pivot":{"x":0.008211731910705567,"y":0.5097556114196777,"z":-0.1631087064743042},"rotation":{"x":-0.019885439425706865,"y":0.962293267250061,"z":-0.262004017829895,"w":-0.07356993108987808},"size":2.0013840198516847,"orthographic":false}