{"cameraMode":{"drawMode":0,"name":"Shaded","section":"Shading Mode"},"sceneLighting":false,"audioPlay":false,"sceneViewState":{"m_AlwaysRefresh":false,"showFog":true,"showSkybox":false,"showFlares":true,"showImageEffects":true,"showParticleSystems":true,"showVisualEffectGraphs":true,"m_FxEnabled":true},"in2DMode":false,"pivot":{"x":0.0002454519271850586,"y":0.5640319585800171,"z":-0.005358576774597168},"rotation":{"x":0.014881235547363758,"y":-0.954201877117157,"z":0.29552245140075686,"w":0.049475304782390597},"size":0.7643082737922669,"orthographic":false}