{"cameraMode":{"drawMode":0,"name":"Shaded","section":"Shading Mode"},"sceneLighting":false,"audioPlay":false,"sceneViewState":{"m_AlwaysRefresh":false,"showFog":true,"showSkybox":false,"showFlares":true,"showImageEffects":true,"showParticleSystems":true,"showVisualEffectGraphs":true,"m_FxEnabled":true},"in2DMode":false,"pivot":{"x":6.690000057220459,"y":1.353320837020874,"z":23.270000457763673},"rotation":{"x":0.014881235547363758,"y":-0.954201877117157,"z":0.29552245140075686,"w":0.049475304782390597},"size":3.607246160507202,"orthographic":false}